user,text
@ANDRO1711,"Iván Duque, sobre las elecciones en Colombia: ""Si pudiera presentarme, estaría en la pelea y sería reelecto” - BBC News Mundo (Sus palabras muestran a un cínico o a un desinformado total, sobre el acontecer de Colombia)"
@ElizbethCristi7,Falta 8 días para que Marbella se vaya de colombia Yupi Falta que Uribe diga lo mismo
@PactoCol,“Con @petrogustavo y @FranciaMarquezM podemos comenzar una era de paz en Colombia ¡El cambio en primera!” @Margaritarosadf #ColombiaEsMujer
@DCoronell,"Hay que ser muy vanidoso para pensar así: Iván Duque sobre las elecciones en Colombia: ""Si pudiera presentarme, estaría en la pelea y sería reelecto"" - BBC News Mundo"
@ingrodolfohdez,"Mi campaña significa la unión de Colombia para acabar con la corrupción y poder salir adelante. Quien tenga esta meta y quiera sumarse apoyando, siempre será bienvenido. #RodolfoPresidente #RodolfoHernandez #Elecciones2022 #LigaAnticorrupcion"
@OrlenysOV,Preparando cobertura internacional conjunta de las elecciones en Colombia el próximo domingo...
@ElQueLosDELATA,"¡Vamos, ayúdenme a subir este ht para que el capítulo de hoy llegue a millones en Colombia y en todo el mundo! #AliasFicoParte2 #AliasFicoParte2 #AliasFicoParte2 #AliasFicoParte2 #AliasFicoParte2 #AliasFicoParte2 #AliasFicoParte2 #AliasFicoParte2 #AliasFicoParte2"
@soyhugoarmando,“Ni todos los fusiles juntos podrían cambiar la historia de Colombia como lo podría cambiar un esfero”: Gustavo Petro
@fdbedout,"“Si me lanzo a la presidencia de Colombia, la gano con el 70% de los votos” Nicolás Maduro, 29 de diciembre 2016. “Si pudiera presentarme, estaría en la pelea y sería reelecto” @IvanDuque , 22 de Mayo 2022. El delirio del poder puede crear efectos y semejanzas desconcertantes."
@bbcmundo,"Iván Duque, sobre las elecciones en Colombia: ""Si pudiera presentarme, estaría en la pelea y sería reelecto”"
@VanessaOrtizz,"Petro debería quedarse en casa, por su seguridad. Colombia está a una semana de cambiar su destino. El uribismo tiene las horas contadas en la Casa de Nariño. Yo celebraré esa derrota"
@jkrincon,"Iván Duque está delirando. Dijo en Turquía que el Clan del Golfo “ya no existe en Colombia”. Ah, bueno, ¿entonces quiénes quemaron camiones, amenazaron gente y tuvieron más de un centenar de municipios confinados? ¿Fantasmas? Somos el país de masacres que nadie comete."
@alejavillegasl,Aquí estamos firmes con el próximo Presidente de Colombia Vamos con toda con el numeral #FedericoEsColombia
@LucasArnau,"Estamos en un momento crucial para Colombia, la democracia está en juego, nuestros derechos y nuestras libertades están en juego, mi voto es por @FicoGutierrez creo en su convicción para salvar a Colombia, para unirla y para protegerla!"
@WomanDelCalao,"Se viene una semana intensa para Colombia, respiren, tomen agüita y traten de mantener la cabeza fría, prendan velitas y pídanle a quien quieran que les de tranquilidad y serenidad. Bonita semana."
@Dylan_colo,SE HIZO SOLD OUT VIVA COLOMBIA VIVA FALCAO Y VIVA LOUIS TOMLINSON HPTAAAAAA
@4F_Mamba,"Ojalá Petro gane las elecciones en Colombia, para que se vayan los millones de colombianos de Venezuela. El sol de Venezuela nace en el Esequibo"
@AlexFlorezH,El uribismo es el cancer de Colombia. Lo extirpamos o nos mata.
@mafafeliz,"Si toda la gente que llenó las plazas de Colombia salen a votar, tendremos a Gustavo Petro como presidente en primera. ¡Pilas! #PetroPresidenteEnPrimeraVuelta"
@carlosecaicedo,"A Iván Duque se le olvida que su desaprobación es la más alta en décadas y que el descontento social llegó al punto de convertirse en un Paro Nacional que duró más de dos meses. No creo que Colombia quiera repetir, mucho menos dptos que ha bloqueado e ignorado como el Magdalena."
@JuanaRe28513202,#MiVotoEsPetroYFrancia. Para volver a sembrar en Colombia
@ConservadorCol_,Muchos venezolanos me advirtieron: Petro hará con Colombia lo mismo que Chávez hizo con Venezuela. Ojo con el voto!
@FVallejoQuotes,Colombia es mi madre y es una mala madre; Colombia es una mala patria ha sido siempre así desde que nació de España. Una mala hija nacida de una mala madre que nos heredó la iglesia católica. Nos heredó los curas y los tinterillos; un país burócrata y miserable.
@LuisCarlos,"El mercado de automóviles pudiese ser muchísimo más variado, barato y actual abriendo importaciones de Colombia o Brasil. No les ha dado la gana. Como eso, otros rubros."
@Jaco13W,"“Es que en Colombia quieren todo regalado”. —Colombiano en NY, aplica a subsidios para inmigrantes y va a los Salvation Army (donaciones de ropa para personas sin techo) pero ajúa!!!"
@Simonovis,"1. General Eduardo Zapateiro, @COMANDANTE_EJC de Colombia planeó y lideró las operaciones Fénix, Elipse y Jaque para la neutralización de terroristas, guerrilleros y rescate de rehenes. 2. @vladimirpadrino , lidera eficiente estructura narcotráfico y de saqueo-secuestro de Vzla."
@independienteco,Para defender la democracia en Colombia tuvimos que salir del país. Hoy estamos en Washington ante la CIDH para seguir en esta lucha.#DanielSeQueda. #SOSColombia.
@AUGUSTOOCAMPO,Excelente que @petrogustavo haya llenado todas las plazas en campaña sin duda eso permite ser optimistas... Ahora sigue llenar pero las urnas el próximo 29. Todo indica que en ocho días a esta hora Petro será en primera vuelta el presidente de Colombia...
@PdteVitalicio,En una semana a esta hora Federico Gutiérrez ya será Presidente de Colombia!
@Wilson_Suaza_,"Petro llorando por Colombia, fue demasiado... Dale RT que esas lágrimas se reflejen en las urnas el próximo 29 de mayo. DALE RT"
@ElizbethCristi7,"La diferencia más grande de Petro con los otros candidatos, es que @petrogustavo nunca ha sido corrupto, jamás ha robado a colombia"
@JIRAVA60,"Soy un colombiano más en el exterior (Chicago) hace 21 años, saque a mis tres hijos adelante y hoy todos queremos que @petrogustavo y @FranciaMarquezM sean nuestros presidente y vicepresidenta de nuestra amada Colombia. Quienes más con nosotros?"
@andrearoae,"Rodolfo dice que va a acabar con la robadera y la corrupción en Colombia, mi pregunta es, ¿Por qué cuando fue alcalde no la acabó en Bucaramanga?"
@E_Mendoza_M,Falta Poco... Resistencia Gustavo Petro Urrego Presidente de Colombia.
@Veronicalcocerg,"¡¡El potencial de Colombia es brutal!! Cuánto tenemos que desconocemos… Es nuestro deber impulsar y promocionar el tabaco artesanal de Piedecuesta, que lleva más de 240 años de tradición y de ello subsisten miles de familias #YoSoyTuAmiga #Santander"
@ColDesconocida,"Caño Cristales, La Macarena, Meta, Colombia. : @mariocarvajal"
@SoyAntiuribista,Esta foto define la libertad de expresión en Colombia.
@fervaci,Emocionante ver el compromiso por estas elecciones. Vamos Colombia!!! #elcambioesenprimera #MiVotoEsSecretosky Consulado de Colombia en #Montreal
@LuisGuillermoVl,"María Ángela Holguín, la mujer de @sergio_fajardo , dijo en @lafm que después de pasar 8 años en el gobierno de Santos se dio cuenta de que Colombia necesita un presidente honesto. Lo dijo completamente sería, no era broma ni sarcasmo."
@MichelCaballero,"Así se hace campaña en Colombia; ejemplo de ""elecciones justas, libres y creíbles"""
@NivakyoP,"Ven como está dando su discurso #Petro en este momento, detrás de un escudo. Este 29 de Mayo nace una nueva Colombia."
@estoescambio,"""La petrofobia sirve para ocultar los verdaderos miedos que tiene nuestra clase dirigente. Y su temor más grande es que con Petro vengan reformas. Le temen a los cambios estructurales porque saben que luego viene el desmonte de sus privilegios"": @MJDuzan ."
@cesarusa5,"#ElReporteCoronell La historia secreta de la salida de Nicaragua del embajador de Colombia. Aunque sin embajada cada mes puntualmente Alfredo Rangel recibe los 14 mil 100 dólares mensuales de salario, unos 57 millones de pesos al cambio de hoy. @DCoronell https://wradio.com.co/2022/05/23/la-historia-secreta-de-la-salida-de-nicaragua-del-embajador-de-colombia/…"
@Enrique_GomezM,"No le crean nada al candidato de las bolsas, tiene que bajarle al traguito y sobre todo respetar a los colombianos, ya la gente no le cree sus mentiras. Tenemos que salvar a Colombia del socialismo."
@MONYRODRIGUEZOF,"“Aunque sin embajada cada mes puntualmente Alfredo Rangel recibe los 14 mil 100 dólares mensuales de salario, unos 57 millones de pesos al cambio de hoy.” (Y mientras tanto la gente de ⁦ @IvanDuque ⁩ que se hospedó en hoteles de Mompox no han pagado)."
@IvonneMilenaGo,"Lo de la Plaza Bolivar con Petro, es un acto sin precedentes... Es la prueba inequívoca de que Colombia pide a gritos el CAMBIO."
@mteijeiro,"Colombia, el único país donde darían un golpe de Estado a un candidato, que podría ser Predidente."
@ElQueLosDELATA,"Aclaro: @petrogustavo es el líder que llevará a Colombia a la paz y a la equidad social, estoy edificado en su discurso y tengo grandes amigos entre sus copartidiarios pero no soy ni de la Colombia Humana ni del Pacto, soy un mero difusor idelogico y escritor, no un político."
@andresmelocou,"Fico cerró su campaña en la Medellín que unió y construyó. Petro, en la Bogotá que él mismo abusó.y destruyó. Ese solo ejemplo nos debe mostrar con claridad quién es el mejor para Colombia. #FedericoEsColombia"
@elantizurda,"#ATENCION #Colombia bajo amenaza, el candidato @petrogustavo y militantes de su campaña instan a un estallido social sí él no es el ganador de las próximas elecciones presidenciales, #NoticiaEnDesarrollo Colombia a las puertas de una toma guerrillera urbana sin presedentes"
@jorgerojas2022,"Lo que está en peligro en Colombia, ademas de la vida, es la democracia. Prefieren una dictadura que un gobierno alternativo. Hay alerta en la comunidad internacional. #SOSColombia"
@CARLOSFMEJIA,Hace 70 días 300.000 jurados votaron doble y más de UN MILLÓN de votos aparecieron en escrutinio y no ha pasado nada. Señores: @infopresidencia @PGN_COL @FiscaliaCol @CNE_COLOMBIA Colombia no puede ir a primera vuelta sin que se resuelva esto. #ExigimosEleccionesTransparentes
@Viviana95773190,#UnTramposoEs quien pregona que será el cambio para Colombia y no se lo cree el mismo...
@CristoBustos,"Los amigos y socios del gobierno lo que plantean es un auto fraude” Colombia es el único país del mundo en el que el gobierno,su partido y su coalición se dedican a deslegitimar las elecciones y sacar al árbitro que ellos mismos impusieron. Muy desesperados!"
@IvonneMilenaGo,"El discurso de Petro en la Plaza Bolivar, es el arte en palabras. Colombia, recobrará la ESPERANZA."
@MedImparable,"#SOSColombia en esta dictadura llamada Colombia, nos toca ir a buscar la democracia al exterior. #DanielSeQueda"
@cancinodiegoa,En Colombia solo hay un candidato que se compromete con el desmonte del ESMAD. Se llama @petrogustavo y voy a votar por él y @FranciaMarquezM .
@lfperea768,"Colombia, ha llegado tu LIBERTAD! Petro mi presidente; nuestro presidente!"
@FicoGutierrez,"Trabajar por 12 millones de campesinos en Colombia, es trabajar por todas las familias Colombianas. Acabar con él hambre y la pobreza es prioritario. Agro Social es la solución. Inversión histórica para el campo. Nuestra apuesta es por la Revolución del Campo."
@ernestoyamhure,Colombia está a punto de perder su libertad
@Rubychagui,La verdadera encuesta es el 29 de mayo. Ese día vamos a demostrar que COLOMBIA está PRIMERO. #FedericoEsColombia
@J_Upegui,Todos estamos de acuerdo en que Colombia necesita un cambio. #MiVotoEsPetroYFrancia
@orcarmonab,Paisas Antioqueños Medellinenses ojo al dato voten temprano y despues se van de puente para sus fincas y para Guatape' a festejar pero voten uds pongan 7 millones de votos q los otros 5 los pone el resto de Colombia y ganamos en primera vuelta #FicoPresidente
@Enrique_GomezM,Me siento profundamente agradecido por su respaldo y agradezco la posibilidad de poder recobrar la esperanza. Entre todos salvaremos a Colombia.
@ALFREDOSAADEV,"En el chat de alcaldes del caribe dijeron ""fico no despega la orden del jefe ahora es rodolfo"" Arrodillados a la corrupción, no les interesa el país, solo sus vísceras. Levántate colombia #PetroPresidenteEnPrimeraVuelta"
@Florcad16,"#MiVotoEsPetroYFrancia porque practicar un deporte o el arte y la cultura no sea un privilegio, debe ser un derecho para todos los niños y jóvenes de Colombia #PetroPresidenteEnPrimeraVuelta"
@marianagoyenec2,"Hombre exalcalde nada más mentiroso de su parte, UD fue suspendido por participar en política a favor del hampon del kk's, UD pensó que la procuraduría no le haría nada y se equivocó, todos en Colombia somos testigos de su participación activa en política y lo pillaron, chao!!!"
@FranciaMarquezM,Gracias por asumir el momento histórico y sumarte a esta gran juntanza por el #VivirSabroso en Colombia. Vamos por #ElCambioEnPrimera
@AlexFlorezH,"Absoluta incertidumbre en Colombia de cuenta del gobierno a solo 6 días de elecciones. Amenaza de aplazar votaciones y suspender al registrador, un general amenaza con golpe militar al atacar a un candidato, suspenden a @QuinteroCalle un alcalde opositor. Alertas #SOSColombia"
@fromequator,#Colombia están a tiempo
@PizarroMariaJo,"Que el mundo se entere cómo hay que hacer campaña en Colombia. @petrogustavo @FranciaMarquezM en medio de escudos en plaza pública. A pesar de todo, aquí estamos luchando por el cambio!"
@Rodrigo_LaraS,"Fueron dos meses de plaza pública, de recorrer las calles, de sentir la emoción y el compromiso de la gente. ¡Gracias Medellín! ¡Gracias Colombia! A una semana de celebrar la victoria. Vamos a unir a Colombia y cambiar su historia de corrupción. #LaraUneNoDivide"
@gxldenlouis_,No sé pero estoy emocionada por los conciertos de Louis en Colombia y Perú
@cafetalera0252,"Miren está belleza , un cierre de campaña triunfal del futuro presidente de colombia, en Medellín @FicoGutierrez #FicoEsColombia Felicidades Colombia que viva la democracia !"
@coherenciaporf,"Pues si Iván Duque se volviera a lanzar, ahora tendría muchas mas razones para volver a votar por el! Siempre lo he dicho, la historia se encargará de reconocerle todo lo bueno que hizo por Colombia. PD: Opinion no sujeta a debate alguno no se desgasten."
@DCoronell,#ElReporteCoronell La historia secreta de la salida de Nicaragua del embajador de Colombia. En primicia el documento que ocasionó la cancelación de las credenciales del embajador Alfredo Rangel.
@VivancoJM,"El cierre de campaña de @FranciaMarquezM , casi invisible por el blindaje de los escudos, demuestra lo que ha retrocedido Colombia en seguridad y no es normal en una democracia del siglo XXI."
@ColombianoInd20,Gustavo Petro va ser el próximo presidente de Colombia. Porque el es un patriota y defiende los derechos de los colombianos. #PetroPresidente
@Carlos_va03,"Colombianos, el cambio es ahora y en primera vuelta, no más asesinatos de mujeres embarazadas y menores de edad, por bombardear a la población civil indefensa, no más desaparición forzada, Si a la vida, ¡¡Gustavo Petro presidente de Colombia en primera vuelta, Francia vicep !!."
@VladoBecerra,"Estamos cuadrando para este domingo la sala, el tv, las palomitas, el almuerzo y las copas para ver los resultados electorales, muy al estilo final de champions, no había sentido tanta emoción desde que Colombia volvió al mundial @petrogustavo PRESIDENTE."
@manuelhborbolla,Así el cierre de campaña de Gustavo Petro en Colombia. Esa gran nación merece un cambio de rumbo tras todo el dolor que han padecido los colombianos durante la oscura época del uribismo.
@Majoo2098,Por todas las iglesias en Colombia. #CreyentesConFico #FicoEsLibertad #SantandereanosConFICO #FicoPresidente2022 #FicoPresidente @FicoGurierrez
@carprensa,Cristianos progresistas crecen y crecen en toda Colombia @ALFREDOSAADEV
@willj84753699,"¡ATENCIÓN COLOMBIA! #MiVotoEsPetroYFrancia ¡Apoteósico! Cierre de campaña de Gustavo Petro en la tierra que lo vio crecer, Zipaquirá. Ahora vamos a la Plaza de Bolívar"
@cmartinleyesd,"Les hago una pregunta: ¿Al ir al médico, no buscan siempre el mejor en su especialidad? ¿Porqué elegimos a los menos preparados para manejar el país? Para su consideración la hoja de vida del candidato más preparado para ser Presidente de Colombia. #FajardoMurilloPresidente"
@PSierraR,"Ante el descenso del #Watford y lo que dejó ver en la temporada, Juan Camilo ‘Cucho’ Hernández (23) ha sido contactado por varios clubes para saber sus condiciones El delantero (bloqueado para Selección Colombia ) ve con buenos ojos unas transferencia en verano"
@OrlenysOV,Cierre de campaña de un pueblo que ya no quiere más masacres ni narcogobiernos en #Colombia .
@MissPoirot07,"En Colombia pensar diferente es sinónimo de muerte y persecución política lo mejor hoy para @QuinteroCalle en la @CIDH y ojalá pongan los ojos en nuestro país, este gobierno criminal se aferra al poder a toda costa. Pero no pasarán. #SOSColombia"
@musictrendscol,LES DIJIMOS LUNES DE ANUNCIOS @calamarooficial se va de gira por Colombia Aquí todas las fechas
@EsConFajardo,"Impresionante el trabajo de nuestro equipo de voluntarios por toda Colombia. Nosotros no cerramos campaña, abrimos puertas. En una semana estaremos celebrando el paso de @sergio_fajardo a la segunda vuelta. #SúbeteALaChivaFajardista"
@juancaortegas,"La persecución política en #Colombia es evidente cuando el mismo gobierno rompe la democracia en pedazos, por eso @QuinteroCalle debe encontrar ayuda en #EEUU para que frenen esta dictadura. #SOSColombia"
@Maria06_23,#MiVotoEsPetroYFrancia Petro es el que necesita Colombia.
@Rodrigolarasanc,"89% de Medellín es Equipo por Colombia, vamos por más."
@gener_usuga,"Buenos días Colombia, les cuento algo muy positivo en importante: En el exterior ya estamos votando por @petrogustavo y @FranciaMarquezM . Vamos a ganar en primera, y Vamos a vivir sabroso."
@coach_marcela,"Esta semana Colombia se dio cuenta que puede decir: Chao Fico y Chao Petro! Pero el país necesita ir más allá de eso... Entonces, por qué conformarnos con poco SI LO PODEMOS TENER TODO? @sergio_fajardo presidente! #ColombiaCuentaConMiVotoPorSergioFajardo"
@viviana_tes,"Cuando les digan que los liberales no pueden ser fascistas recuerden que los verdes en Colombia están a punto de votar por un tipo que tiene posturas abiertamente autoritarias, machistas, xenofobas y antiinstiucionales, sólo por la ilusión de ""proteger"" el libre mercado."
@HerlyGonzlez1,Colombia entera unida gracias a un gran ser humano y dirigente #FedericoEsColombia
@omarbula,. @IvanDuque ¿Y usted - piensa vender nuestra soberanía? #Colombia
@ojodeaguila81,"Bueno, empezaron las elecciones, Dios bendiga a Colombia e ilumine a los colombianos para que voten bien, con sentido de responsabilidad y Patria, dejen el odio y voten por Colombia"
@KevinMaOficial,"Dice el inúti de Iván Duque @IvanDuque , sobre las elecciones en Colombia que ""Si pudiera presentarme.. .sería reelecto”. Le recuerdo, que ya no tiene de amigos narcotraficantes, al Ñeñe Hernández, que le puedan comprar la presidencia. Payaso #MiVotoEsPetroYFrancia."
@siercar,"Hoy a 7 días de que @FicoGutierrez gane en 1ra vuelta se me llena el corazón de nostalgia por lo que anhelamos todos los que queremos que colombia siga por el camino de la #Democracia No saltos al vacío, no a la Izquierda."
@nesper4254,"US 14.100 dolaretes mensuales, por no hacer nada Si sr Por no hacer nada Bueno si, defender al hacendado y su people La historia secreta de la salida de Nicaragua del embajador de Colombia https://wradio.com.co/2022/05/23/la-historia-secreta-de-la-salida-de-nicaragua-del-embajador-de-colombia/… vía @WradioColombia"
@J_Upegui,Impresionante la Plaza de Bolívar apoyando a @petrogustavo . Se abre paso un cambio por la dignidad y la vida en toda Colombia.
@DocMaca2,"Urgente, soy reportera @Noti_Space nueva jugada la activista estadounidense @hey_ter fue detenida y le quitaron su pasaporte para no entrar a Colombia @Uriasv ,nos quieres quitar el apoyo internacional. #SOSColombia"
@zenxess,La manifestación de Medellín es producto de su altísima dignidad y de la gestión de Petro a través de @QuinteroCalle ; Gracias a ellos Medellín despertó y con ella todo Colombia @FicoGutierrez @AndresElGury #NosUnimosONosJodemos #FedericoEsColombia #FicoEsColombia
@Don_Patriota1,El único narcodictador en potencia en Colombia... se llama Gustavo Petro. #FedericoEsColombia
@LMRocketPLTR,#ATENCION Colombia debe ver esto…..favor difundir
@EdwinBeLo93,"Emociona aportar el inicio de la nueva Colombia, potencia mundial de la vida. #Secretosky #PetroYFranciaSonElCambio @petrogustavo @FranciaMarquezM vamos que vamos"
@ALFREDOSAADEV,Levántate colombia y seremos una tierra feliz. #PetroPresidenteEnPrimeraVuelta @petrogustavo
@JuanaMariaRod,Felices apoyando! Que viva Fajardo! Que viva Colombia. #SubeteALaChivaFajardista
@MajoDoriaT,Empezaron las votaciones presidenciales desde el exterior. Quiero invitarte a que ayudemos a cambiar a Colombia para que las nuevas generaciones no tengan que migrar por necesidad y para que nuestra gente obtenga justicia social.
@DannaHer321,Todas las mujeres tienen el potencial de lograr que nuestra bella Colombia crezca en un ambiente de amor e igualdad. Todas con Fico. #FedericoEsColombia #PetroAgitador #SantandereanosConFico @FicoGutierrez
@AidaAvellaE,Petro Presidente! Francia Vicepresidenta! Este 29 de mayo cambia Colombia.
@Omar_Comunes,"Que @FranciaMarquezM se vea obligada a salir de la plaza pública, por riesgo o sabotaje, y que @petrogustavo siempre tenga que estar rodeado de escoltas con escudos blindados, da cuenta de la debilidad de la democracia en Colombia. El pueblo será el único garante. #MeInquieta"
@coldplay,"Extra shows just announced for Colombia, Chile & Argentina! 16 Sept - Bogota, Estadio El Campín 20 Sept - Santiago, Estadio Nacional 01 Nov - Buenos Aires, Estadio River Plate Tickets on sale tomorrow (Buenos Aires) & Friday (Bogota and Santiago). #MusicOfTheSpheresWorldTour"
@HRI_ONG,"El Clan del Golfo no desapareció con la captura de #AliasOtoniel, este grupo Narcoterrorista genera en Colombia Desplazamientos, Homicidios, Desapariciónes Forzosas, Secuestros y Actos de Tortura a la población civil colombiana."
@heidy_up,"Lo de ayer en la Plaza de Bolívar fue maravilloso, multitudinario cierre de campaña en Bogotá de @petrogustavo Y @FranciaMarquezM . ¡El #CambioPorLaVida es imparable! Colombia se cansó de que todo siga igual. #MiVotoEsPetroYFrancia"
@DonIzquierdo_,"La democracia en Colombia no se defiende en Colombia. Toca salir al exterior para hacer respetar el derecho popular, el voto de los ciudadanos. No permitiremos el golpe de Estado en Colombia, ni mucho menos el fraude electoral. #SOSColombia"
@montoyaelpipe,"Son lágrimas de Emoción, de sueños, de Cambio, de Dignidad, de Lucha, pero sobre todo, de UNA COLOMBIA HUMANA. Un Pacto Por La vida ¡Te Quiero Mucho! @petrogustavo ¡El cambio ya viene! Gracias! Por hacer realidad los sueños de Millones de Colombianos. #MiVotoEsPetroYFrancia"
@vovallediaz,"Entonces usa un laser con alcance de más de 290 metros que está prohibido en Colombia, lo coloca sobre el rostro que puede dañar la visión de una persona y nos salen con el cuento que ahí no hay ningún delito? Con razón fue festejado por los NarcoParaUribistas."
@TysonUribeVelez,"Miren como Medellin recibe a Fico! Apoteósico!! Lleno total en todas las manifestaciones,de todas las plazas de Colombia donde estuvo!#FedericoEsColombia"
@BogotaPacta,Gracias Bogotá por el ser el corazón del cambio que necesita Colombia. ¡Vamos a ganar en primera! #BogotaCorazonDelCambio #MiVotoEsPetroYFrancia #elcambioesenprimera @petrogustavo @FranciaMarquezM
@EscuelaVAlleVta,"LO VAMOS A CELEBRAR COMO SI FUERA UN 20 DE JULIO Ese día vamos a izar banderas, sonaremos el himno nacional, cantaremos el himno al soldado, nos abrazaremos... #RodolfoPresidente @RHpresidente Los que pensaban cerrar empresas, contrataran nuevo personal VIVA COLOMBIA HP"
@MashiRafael,Legisladores de más de 20 países alertan sobre la amenaza de violencia en las elecciones colombianas | EL PAÍS América Colombia
@elpais_america,La candidata a vicepresidenta de Colombia es una mujer negra de 40 años que dejó su casa amenazada de muerte por defender su tierra. Francia Márquez tuvo dos hijos sola y limpió las casas de otros para comer @isantaeulalia
@LucasArnau,"Lo grave acá no es el bulling que me hagan por el 101%, acá el tema es que sepan la explicación matemática que está clarísima y se hagan los bobos pero más preocupante aún, es que su candidato no lo haya entendido, hasta twitteoAcá el tema es Colombia, no el ego izquierdista!"
@AndresVelasqz,Próximo domingo Colombia a defender la libertad y democracia. Solo en DEMOCRACIA es posible avanzar.
@Marorti14,"Sera que los que apoyan a petro estan listos para el CAMBIO? A Cambiar la mentira x la verdad? O prefieren CAMBIAR de pais?creer que Roy, ELN,FARC,Beneddeti,Cordoba,Prada, Cepeda SON EL CAMBIO que Colombia necesita? No jueguen sus futuros No todo cambio es bueno #SeDestapoLaOlla"
@socifono,¡Ya empezamos! Vamos Colombia que vamos a dar la sorpresa que algunos están buscando en otras partes. #FajardoPresidente
@OjoMudo,Alguien se ha puesto a pensar que un triunfo de Petro sería uno de los golpes más fuertes al Narcotráfico en la historia de Colombia ?
@IvanCepedaCast,Extenso artículo de The Washington Post sobre Francia Márquez y su impacto político en Colombia: The Black feminist activist who could be Colombia’s vice president
@Rodrigo_LaraS,"¡Impresionante respaldo en Medellín! Nuestro compromiso unir a Colombia, demostrando que somos el cambio, que lucharemos contra la corrupción y trabajaremos por el desarrollo del país, sin odios, con paz y justicia. #LaraUneNoDivide"
@supercatrina66,"Nunca en la historia de Colombia se habia visto una manifestacion tan grande,en cierre de campańa, FedericoEsMedellin, #FedericoEsColombia y FedericoEnPrimeraVuelta! favor difundir!! cc @jarizabaletaf @ANIABELLO_R"
@Alfarero3O,"Mostraremos a Petro y sus secuaces que Colombia no hará parte de los proyectos del ""Foro de Sao Pablo"",que pretende llevarnos al socialismo del Siglo XXI. En Colombia daremos el cambio que el país necesita de la mano de @FicoGutierrez por ello, #FedericoEsColombia"
@alejavillegasl,Que orgullo poder ser parte de este sueño llamado Colombia. Vamos a unir a nuestro país #FicoPresidente @FicoGutierrez @Rodrigolarasanc #FedericoEsColombia #FicoUneAColombia
jilgueritodelsur@hotmail.com,"PETRO ES LA ÚNICA OPCION D COLOMBIANOS PARA NO SER COMO ECUADOR AHORA. NI VENEZOLANOS QUIEREN SER COMO ECUADOR. ESTA SEMANA, COLOMBIA DECIDE TOMAR CAMINO CORRECTO. CUIDADO EL FRAUDE COLOMBIANOS, LAS CALLES DICEN PETRO PRESIDENTE. HOY ARRANCA NUEVA Y PROGRESISTA ERA D COLOMBIANOS!"
@libioperez,Para entender mejor el contexto de las elecciones en #Colombia recomiendo este artículo de Luis Maira https://lamiradasemanal.cl/colombia-una-eleccion-decisiva-por-luis-maira/…
@EstellaMFranco,Es increíble que muchos aún no hayan interpretado el momento histórico que vive Colombia hoy. @petrogustavo presidente
@jufito35,"#SubeteALaChivaFajardista Aún quedan puestos, camino a una mejor Colombia!!"
@OlgaRobled,"#FedericoEsColombia #FedericoEsColombia #FedericoEsColombia COLOMBIA es de los colombianos NO DEL COMUNISMO TRANSNACIONAL.. Por eso votaremos @FicoGutierrez ""ORDEN Y OPORTUNIDADES"""
@2708Margarita,De Medellín para Colombia #FedericoEsColombia
@VoragineCo,"En un diálogo electoral realizado en la Universidad del Rosario, el candidato presidencial Enrique Gómez entregó cifras diferentes a los datos oficiales más recientes sobre desempleo en Colombia. #VerificoLuegoPublico"
@vilm_valle,"Le exigen 7 millones de peso para cuídar su local, adivinen de donde vienen esas malas prácticas Colombia y Venezuela, lindo lo que vienen hacer los migrantes #ContigoCHV"
@RafaNietoLoaiza,"""Después de recorrer Colombia, volver a casa se siente bonito... Vamos a construir un nuevo país sin hambre, sin corrupción, sin violencia y con mucho progreso y donde respetemos la diferencia"". ¡Vamos a ganar! #FicoElPresidenteDeLaGente #FicoPresidente"
@CarlosFajardila,El embajador de Colombia en Managua despacha desde su residencia en Bogotá y recibe su sueldo y viáticos en dólares. A que no adivinan a qué partido pertenece….
@Lauraggils,Escuchen el informe de @dcoronell sobre Col-Nic. Nosotros publicamos la nota verbal de Nicaragua; él consiguió la de Colombia. / El embajador en Nicaragua no fue retirado; Alfredo Rangel fue expulsado - La línea del medio
@Alfarero3O,"RT, si saldrá usted a votar el próximo 29 de mayo para que @FicoGutierrez sea el nuevo presidente de Colombia?. RT = SI RT = Claro que sí #FedericoEsColombia"
@matarifeco,"21 Mayo, Vancouver marchó por Colombia @matarifeco @mem_colectiva #HelpColombia https://youtube.com/c/MatarifeOficial… https://t.me/memcolrespaldo"
@cecollm,Mi recorrido por Medellín por una Colombia diferente. #FicoPresidente #FicoElPresidenteDeLaGente
@Vargas_Monik,"Ya me vi, el próximo domingo… Tomando la mejor decisión para Colombia @ingrodolfohdez ¡Presidente!"
@sgarzonr,"Vamos con toda la convicción, porque el cambio que necesita Colombia es con propuestas, no con alianzas politiqueras. #SubeteALaChivaFajardista"
@estoescambio,"A pesar de contar con un ambiente favorable, gracias a un presidente de derecha altamente impopular y una población que se identifica en el centro político, @sergio_fajardo parece haber hecho todo lo posible para que le fuera mal. Y lo logró."
@luisafarah,Bendiciones para esta semana que comienza y que es crucial para nuestro país! Dios que todo lo puede tenga misericordia de nosotros y nos acompañe siempre! #colombia
@MarcoAFrieri,"A esta hora en una semana, estaremos celebrando el paso de @sergio_fajardo y @LuisGMurillo a la segunda vuelta. Colombia va a cambiar! #FajardoPresidente #ColombiaCambiará"
@soyporquesomos_,Se empiezan a reportar nuestros jurados de votación. Desde Washington la diaspora colombiana también activa en el cambio. Colombia va a cambiar. #SoyPorqueSomos
@hojillasilva,"Se corre la voz de fraude electoral en Colombia!, lo que corrobora la líder social, politóloga y concejal, Ana Leidy Erazo Ruíz, en entrevista exclusiva para Venezuela News. https://venezuela-news.com/exclusiva-ana-erazo-compra-votos-uribismo-colombia-paso-15-40/… vía @Agencia_VN"
@RonnySuarez_,"A ver, a ver. Por ahora no hay un caso probable de #ViruelaDelMono en Colombia. Lo que hay es un rastreo epidemiológico a los contactos de un español que estuvo de paseo por acá y a su regreso dio positivo. Algo normal y diferente. Guardemos el rigor, por favor (Sigue)"
@IvanCepedaCast,"“Francia Márquez está obligando a Colombia a enfrentar su pasado y presente racista, clasista y sexista”: The Washington Post"
@MariolySosaP,"Amo mi país pero, en otros países he visto más valorado mí esfuerzo por ayudar a combatir este atentado contra la humanidad disfrazado de medidas sanitarias. Argentina Chile Colombia El Salvador España Estados Unidos México Panamá Paraguay Perú Uruguay Venezuela Gracias"
@AlexLopezMaya,#UnTramposoEs el señor @IvanDuque que de forma errante y delirante sale de Colombia a decir mentiras en el exterior que en nada se compadecen con la realidad. Un presidente que cuenta con el 78% de desaprobación no tendría oportunidades para absolutamente nada
@HOLLMANMORRIS,ATENCIÓN @petrogustavo anuncia en este momento que solicitará a @ONUHumanRights @pnud a Naciones Unidas crear Comisión especial para investigar los mayores escándalos de corrupción en Colombia y que la dirija el ex magistrado @Ivan_Velasquez_
@JohnMiltonR_,"#UnTramposoEs el que engaña al elector hablando de la vida, de la libertad y está de acuerdo con el aborto y la eutanasia. Colombia va a votar por convicción porque somos un país provida. #JohnMiltonPresidenteVa"
@adolforivasdiaz,"Soy un convencido que el cambio es ahora, la historia y la ciudadanía nos demandan liderar la construcción de un gobierno para hacer de Colombia una potencia de la vida, la paz y la esperanza. #MiVotoEsPetroYFrancia"
@CamilaRuedaR,"En las campañas políticas hay subidas, bajadas, caídas y levantadas. Aquí estamos #FirmesConFajardo porque creemos en sus propuestas para reconstruir el país. Vamos subiendo para llegar a la meta. Colombia se merece un Presidente como @sergio_fajardo #SubeteALaChivaFajardista"
@RNVinformativa,"#VíaAlterna @CatirrusiaV : 39 millones de colombianos podrán ejercer el derecho al voto el 29 de mayo, en unas elecciones importantes para Colombia y para la región #PuebloYGobiernoActivos #YoSoyDeAqui"
@sergio_fajardo,"Esta semana es decisiva, aún muchos no saben por quién votar. Nuestro reto será llegar a miles de personas que quieren derrotar a la corrupción y quieren una Colombia con educación, con oportunidades para jóvenes y mujeres, y con seguridad en las calles. @LaKalle"
@EdoCote,"Pablo Escobar desató una guerra cruel y despiadada contra Colombia, finalmente las FFAA con en apoyo de USA lo neutralizaron. Si @JuanManSantos y @petrogustavo creen que nos van intimidar con la Guerra Urbana están equivocados, las FFAA y los amigos de siempre los neutralizaran"
@ikevanaaa,#HelpColombia Colombia no puede seguir soportando la violencia y corrupción.
@ColombiaHumana_,"A partir de hoy hasta el 29 de mayo las y los colombianos podrán votar en el exterior. Colombia no necesita socialismo, necesita democracia y paz y esa será la transición para que éste país se convierta en una potencia mundial de la vida. #PetroPresidente #MiVotoEsPetroYFrancia"
@supercatrina66,"“Vamos a ganar la presidencia de colombia”dice FICO en Cali! Y le creo, mas de 50.000 personas en la manifestación y le agrego: “Vamos a ganar la presidencia de Colombia en primera vuelta” #FedericoEsColombia Si lo crees dale RT"
@AdrianaBehaine,"¡El Cambio es con las mujeres! COLOMBIA será una potencia mundial de la vida. Defiende la democracia, Cuida tu voto, no dejes que te quiten el CAMBIO. @petrogustavo Presidente @FranciaMarquezM Vicepresidenta. #ProgresistaSigueProgresista @AngelicaVerbelL"
@willj84753699,"¡ATENCIÓN! #SOSColombia Cuando un candidato Presidencial se protege con láminas blindadas para dar discurso en la Plaza pública, es indicador d la falta d garantías por parte del estado. En Colombia, corruptos y mafiosos se quieren perpetuar en el poder. ¡Estado fallido! @CIDH"
@VM_fire,YO CUMANÁ Candidatos preparan cierres de campaña rumbo al 29M en Colombia #DenunciaPorVenApp https://vtv.gob.ve/candidatos-colombianos-campana/…
@queenmary00,#PuebloYGobiernoActivos Concejala de Cali sobre compra de votos en Colombia: “La desesperación los ha hecho triplicar el pago” https://fusernews.com/concejala-de-cali-sobre-compra-de-votos-en-colombia-la-desesperacion-los-ha-hecho-triplicar-el-pago/… vía @fusernews_
@AndresElGury,"Nosotros somos @medellincuenta1 y representamos a los ciudadanos, los que creemos en la democracia, los que defendemos este ciudad y este departamento. Si cae Antioquia, cae Colombia. No lo permitiremos."
@esalbaran,"Yo NUNCA le daría mi voto a alguien que soluciona problemas repartiendo cachetadas e insultos; sin embargo, aquí ⁦ @DCoronell explica muy bien por qué no votar por ""el ingeniero"" en #Colombia> BUFÓN Y TRUHÁN"
@MargaritaRepo,"#Medellín | Que orgullosa me siento de ser colombiana, de ser antioqueña y ver esta raza valiente que no se acobarda. Acá estamos esperando a @FicoGutierrez , el próximo presidente de Colombia. #FicoEsColombia"
@ALFREDOSAADEV,"Conversé con @FranciaMarquezM esta super comprometida y me dijo ""la bendición de Dios nos guarda de todo mal y peligro"" Levántate colombia"
@AlexLopezMaya,"Es desolador ver qué han convertido a la Procuraduría en un apéndice del Gobierno de @IvanDuque . Cero independencia, el legado de los entes de control que nombró este Gobierno gracias a sus mayorías en el Congreso."
@willj84753699,"¡ATENCIÓN COLOMBIA! #MiVotoEsPetroYFrancia porque ya es hora que el pueblo gobierne. Desde la Plaza de Bolívar @Noti_Space transmite el cierre de campaña de Gustavo Petro. RT, al tuit, me sigues, te sigo, formemos una gran comunidad. Al aire @Noti_Space"
@waxwingeco,Red-ruffed Fruitcrow (Pyroderus scutatus) at Santuario de Fauna y Flora Otún Quimbaya #Colombia #TwitterNatureCommunity #birds #birdphotography #NaturePhotography #birdwatching
@aydeelizarazoc,#FedericoEsColombia @FicoGutierrez el presidente que #Colombia necesita para gobernar con principios y valores. @Rodrigo_LaraS @PartidoMIRA
@vanedelatorre,Estuve en el concierto de @karolg y si: va a arrodillar al mundo. Colombia no había tenido una artista de ese nivel.
@noticero1,"PETRO... PETRO... PRESIDENTE ! Ya llega el cambio por la vida. Por el futuro de Colombia, por la educación de todos los niños. No más corruptos robándose el dinero del PAE, del internet. Colombia potencia mundial de la vida. #PetroPresidenteEnPrimeraVuelta"
@ZenuMujer,"Apoteosico Sincelejo le cumplió a Colombia en defensa de la libertad, la creación de empresas, la educación, la defensa del agro, la prosperidad etc. #FedericoEsColombia"
@Juan_EspinalR,"A pesar de la lluvia acá estamos, firmes con @FicoGutierrez por Colombia #FicoUneAColombia Cierre de campaña en casa"
@MargaritaRepo,"Multitudinario cierre de Campaña de @FicoGutierrez , el próximo presidente de Colombia. Medellín está con Fico. #FedericoEsColombia"
@andresmelocou,"Bien pero no es suficiente. Usted dice que ""une"", pero no se une a Fico por el bien de Colombia. Entonces de qué hablas, viejo?"
@CMonteroOficial,"#Colombia :una elección presidencial bajo amenazas | A una semana de #EleccionesColombia , redoblan las alertas. Gustavo Petro, candidato favorito, denunció la existencia de un plan para dar “un golpe a las elecciones” https://bit.ly/3lRDjP7?utm_source=TW… ( @Pagina12 )"
@EsenttiaSA,"¡Conseguimos un nuevo hito para la #CienciaEsenttia! El viceministro de Conocimiento, Innovación y Productividad de @MincienciasCo , @SCristanchoM , nos hizo entrega del reconocimiento como una de las 23 unidades de Investigación, Desarrollo tecnológico e Innovación de Colombia."
@teleSURtv,"El Centro de Monitoreo de Desplazamientos Internos reveló que #Colombia es el tercer país del mundo con el mayor número de desplazados internos, mientras el número de desplazados en el mundo superó los 100 millones de personas"
@MargaritaRepo,"¡Gracias Fico por transmitirnos esperanza! Antioquia solo cambia para mejorar, seguiremos aportando al desarrollo de Colombia. ¡Mantengámonos unidos! #FicoEsColombia #NosUnimosONosJodemos"
@NoticiasUno,#NoticiasUno| Comisión IDH acepta examinar caso de falsos positivos de 2007 en Colombia por ausencia de justicia nacional.
@ColdplayColombi,Es oficial Segunda fecha de @coldplay en Colombia Viernes 16 de septiembre @OcesaColombia @warnermusiccol @musictrendscol
@oscarjahir_,Hoy cerramos la campaña del @ingrodolfohdez en el municipio de #SabanaDeTorres. Gracias a nuestra gestora Lina Cubides por ese trabajo maravilloso que ha venido desarrollando en la región ¡Seguiremos recorriendo #Colombia hasta el último minuto! #RodolfoPresidente
@matarifeco,"Marcha en Paris Francia, 21 de Mayo por Colombia #HelpColombia @ElQueLosDELATA @mem_colectiva"
@CMonteroOficial,"Iván Duque ⁦ @IvanDuque ⁩ sobre las elecciones en #Colombia : ""Si pudiera presentarme, estaría en la pelea y sería reelecto"" ( Entrevista de BBC News Mundo)"
@causajustaco,"Desde Causa Justa nos enorgullece informar que @Arpistina1 y @Cristin63682532 , pioneras de este movimiento, han sido incluidas en la lista de las 100 personas más influyentes del 2022 de la revista @TIME #Time100"
@queenmary00,#DenunciaPorVenApp Gigante el Cierre de campaña del Pacto Historico en Colombia y su candidato @petrogustavo a una semana de las elecciones el Uribismo tiembla de perder las elecciones planea suspender las elecciones de este 29 de mayo ante la inminente Derrota
@anonimo_chevez,Sebastian Tamayo de su tierrita Colombia #Feliz30SebasTamayo
@ficoctgybolivar,"Con una jornada ciclística, jóvenes de la ciudad amurallada se vistieron en apoyo al candidato FICO GUTIÉRREZ, #ElPresidenteDeLaGente. Los jovénes ratificaron su apoyo y con contundencia este próximo 29 de Mayo respaldarán con su VOTO a el Equipo Por Colombia."
@Alcadima,"#HelpColombia Así debe presentarse la candidata a vicepresidenta @FranciaMarquezM , Colombia un país en dónde han asesinado a 4 candidatos a presidencia en plena campaña. Colombia necesita ayuda."
@CarlosAmayaR,"Gracias a todas y todos los voluntarios de Colombia que siguen pedaleando. Por un cambio profundo, sereno y colectivo, ¡#FirmeConFajardo! #SúbeteALaChivaFajardista"
@hernancadavidma,"Adelante @FicoGutierrez , se va fortalecido de nuestra tierra paisa y con la misión de salvar a Colombia de una castastrofe de populismo y odio. #FicoUneAColombia y nosotros ayudaremos en lo que esté a nuestro alcance."
@ABRILRAMJOSE2,"Donde tú sí cuentas | Cambio Colombia via @estoescambio https://cambiocolombia.com/opinion/puntos-de-vista/donde-tu-si-cuentas… ""resulta mayor coincidencia, y más desafortunada, el hecho de que en la lista de colaboradores que entregó Dairo Antonio Úsuga, alias Otoniel, a la JEP, incluye a la Universidad Sergio Arboleda, ..."""
@WRadioColombia,#Actualidad | El candidato ( @petrogustavo ) aseguró que si es presidente le propondrá a la ONU la conformación de un grupo independiente que investigue la corrupción en Colombia.
@lennonbp1985,"Porque por fin llegó el momento de acabar con la dictadura, porque Colombia va a ser potencia de vida... #MiVotoEsPetroYFrancia"
@Radioacktiva_,¡Confirmada la segunda fecha de Coldplay en Colombia! Nos vemos el 16 de septiembre @coldplay
@Karlaarcila,"A seis días de las elecciones presidenciales en Colombia, cuéntenos ¿Va a votar el próximo domingo, si, no, y por qué? Envíe su nota de voz al 3134223933 y los leemos con el #RCNMundo nuestro #EsLaGente con todo el mundo @jesuspradodiaz"
@lacoutu,"Para tener en cuenta cuando vayan a interpretar Encuestas. #MedellinConFico . @FicoGutierrez #FicoEs Seguridad, Democracia, Desarrollo, Estabilidad, Pujanza, Trabajo, Unidad, Gobernanza, Colombia. #FicoPresidenteDeLaGente"
@LHHispanic,| Oficialmente la fecha del #LTWT en Colombia es SOLD OUT !!! Solo quedan 2 shows por hacer SOLD OUT de los 19 que @Louis_Tomlinson está ofreciendo en la región!! Show sin Sold Out: *Uruguay *Costa Rica
@CNNEE,"El presidente de Colombia, Iván Duque, indicó este domingo que las elecciones presidenciales en su país no se van a suspender, como sugirió este sábado el candidato presidencial por la coalición Pacto Histórico, Gustavo Petro"
@GNB_tachira,"En el Comando de Zona de la GNB N°21 Táchira nuestros centinelas continuaran luchando por nuestros Jóvenes especialmente, vamos a luchar contra las drogas provenientes de Colombia, ¡Nuestro país no será ruta del narcotráfico! #CEOFANB #23May #FANBEsSoberanía @NicolasMaduro"
@BTSFondosARMYCo,"Chart Spotify Colombia Top 200 Diario 22/05/22: #187 ""Run"" - @BTS_twt : 16.030 Streams #ARMYColombia Logramos ingresar por 1ra vez está icónica canción de Bangtan a nuestro chart ¡Logremos que las reproducciones suban hoy... Ánimo!"
@NoticiasCaracol,"#ColombiaDecide | Análisis de la encuesta Invamer: ¿Hay estancamiento en campaña de Federico Gutiérrez? El candidato del Equipo por Colombia creció solo 0,3% en intención de voto y Rodolfo Gutiérrez subió 7%. Petro, aunque bajó, sigue como favorito - https://bityl.co/CJsI"
@CieloMontoya8,"Hasta San Pedro, está en parques del Río Medellín, esperando a FICO. Que día, soleado como el futuro de colombia con ….#FicoPresidenteEnPrimeraVuelta"
